호선명,역명,년월일,요일,구분,합계(전체),05시-06시,06시-07시,07시-08시,08시-09시,09시-10시,10시-11시,11시-12시,12시-13시,13시-14시,14시-15시,15시-16시,16시-17시,17시-18시,18시-19시,19시-20시,20시-21시,21시-22시,22시-23시,23시-24시
1호선,설화명곡,202511,전체,승차,147502,2094,3711,11778,14776,11151,9808,10028,9738,10020,8504,9081,11269,11899,12338,4527,3159,2327,1095,199
1호선,설화명곡,202511,전체,하차,127655,45,4397,8405,9543,5874,5055,6268,5914,7341,6786,8678,9668,11057,11322,7705,5924,5770,4715,3188
1호선,화원,202511,전체,승차,123816,1697,3171,8610,11260,8636,8604,8625,8454,8408,8827,8658,11623,8619,7075,4383,3593,2192,1118,263
1호선,화원,202511,전체,하차,121749,64,2000,3344,6811,6552,7018,9852,7089,7356,7700,9706,11192,10173,10323,6496,4647,4750,3964,2712
1호선,대곡,202511,전체,승차,144547,1866,4045,12753,16397,12849,9987,9192,9172,10034,8671,8969,9815,9648,9229,4113,3404,2350,1520,533
1호선,대곡,202511,전체,하차,131124,192,2242,4634,7909,5232,5652,6659,7822,7578,8115,10010,12190,11865,12812,8003,6163,5978,4940,3128
1호선,진천,202511,전체,승차,238877,2556,6298,24955,27675,18254,14918,14268,15466,15447,14015,14020,14460,16300,14222,8723,6272,5406,4328,1294
1호선,진천,202511,전체,하차,235064,265,3991,7112,11951,9788,9743,10773,12510,14432,14008,18074,21254,22072,27027,14710,11618,10882,9505,5349
1호선,월배,202511,전체,승차,130776,1546,3582,12939,15470,10557,8718,8462,8998,8262,7678,8108,8572,8330,7068,4208,2969,2730,1922,657
1호선,월배,202511,전체,하차,130913,298,1425,3488,7814,5916,6153,7218,6859,8193,8359,10298,11194,12318,14240,7913,5854,5373,4800,3200
1호선,상인,202511,전체,승차,325291,3868,7795,22904,32024,24372,21056,21702,23422,22491,19769,21821,23906,21103,20269,11283,10334,8429,6651,2092
1호선,상인,202511,전체,하차,310424,252,3929,15069,19626,14066,13304,13625,15538,17726,18376,21656,26020,31170,34361,19173,14789,13587,10977,7180
1호선,월촌,202511,전체,승차,116769,1514,3925,9506,12886,9493,8576,8083,8460,7756,7321,7570,8338,6697,6981,3401,2587,2054,1165,456
1호선,월촌,202511,전체,하차,121794,69,1433,3404,9958,5035,4691,5277,6327,6509,7745,9099,11021,12185,12647,8100,5731,5572,4443,2548
1호선,송현,202511,전체,승차,100651,1549,2860,6914,9335,7453,7560,7934,6772,6644,6786,6810,6136,7149,6274,3272,2534,2208,1508,953
1호선,송현,202511,전체,하차,104379,221,1382,3873,8853,6272,4963,5054,6269,6459,6215,6916,8280,9556,9801,6324,4682,3973,3483,1803
1호선,서부정류장,202511,전체,승차,245335,2487,3967,10203,17082,14172,15971,18611,19447,19702,19769,21664,21248,20579,17008,8516,6390,4780,2794,945
1호선,서부정류장,202511,전체,하차,231922,498,4755,8344,16540,13572,14212,16802,16635,18601,18766,20661,19341,17911,17061,9906,6678,5421,4033,2185
1호선,대명,202511,전체,승차,117976,1180,2390,6254,9375,7911,7249,8213,7897,9853,8932,7198,7404,8869,7866,3734,3502,4656,3738,1755
1호선,대명,202511,전체,하차,122154,562,1298,2911,10360,8889,6907,8216,5900,6846,6529,8198,8519,10026,11671,8907,6385,4748,3477,1805
1호선,안지랑,202511,전체,승차,115740,1484,2926,7021,10045,8576,7990,7807,7712,8558,7608,8027,7396,8831,7731,4263,3404,2946,2232,1183
1호선,안지랑,202511,전체,하차,111750,440,1778,3504,9163,6181,5285,5319,6240,6673,6966,7769,9098,10538,11116,6324,5226,4668,3265,2197
1호선,현충로,202511,전체,승차,89069,1321,2608,5145,7989,6887,5641,5707,6380,6425,5901,6356,6394,6556,6250,2894,2171,2142,1551,751
1호선,현충로,202511,전체,하차,88608,290,1396,2649,6932,4754,4070,4197,5330,4855,6262,6183,7416,7759,8223,5409,4361,3766,3064,1692
1호선,영대병원,202511,전체,승차,165956,1456,2614,5696,8483,8002,9181,10957,11858,11808,12666,14018,17193,18447,13225,5545,4790,5599,2896,1522
1호선,영대병원,202511,전체,하차,172325,837,4264,7256,25376,15142,12345,8903,10301,12328,9860,8964,9393,10725,12176,6921,5482,5312,4412,2328
1호선,교대,202511,전체,승차,120510,1851,3163,7628,10878,8241,6795,7543,8388,8019,7102,8290,10157,9211,11312,3883,2748,2641,1920,740
1호선,교대,202511,전체,하차,115966,321,1161,5061,15937,8037,5663,5787,5463,6432,5897,7531,7706,9260,10706,5969,4753,4030,3644,2608
1호선,명덕1,202511,전체,승차,92440,900,1542,3575,5627,4462,4148,4928,6761,6483,5626,6646,9228,8129,7979,3996,3497,4095,3443,1375
1호선,명덕1,202511,전체,하차,99153,411,1217,5581,9992,8152,5989,5518,5991,7041,5852,6222,6580,8280,8694,4179,3192,2722,2152,1388
1호선,반월당1,202511,전체,승차,296199,1087,2219,4544,7283,7201,9718,15151,18525,21937,25979,30883,31640,29820,28815,18920,18096,12409,8410,3562
1호선,반월당1,202511,전체,하차,384669,1366,4920,9525,29691,31738,29798,34763,36911,33975,34037,29703,28203,26963,24395,11452,6637,4762,3410,2420
1호선,중앙로,202511,전체,승차,428809,1410,2113,4541,7058,6390,7707,11426,15233,19556,25130,36624,48965,53827,50679,35504,32526,32208,25733,12179
1호선,중앙로,202511,전체,하차,452957,1657,4832,8003,32548,29826,24639,31554,48664,48572,40057,33887,32193,34295,36317,20395,11200,7212,4404,2702
1호선,대구역,202511,전체,승차,251682,1515,3338,10256,16718,13424,14179,15672,17972,13690,18802,19147,21361,22375,22827,12249,13126,7313,4910,2808
1호선,대구역,202511,전체,하차,241286,1640,4883,8582,19076,16371,17218,17263,16387,18894,17420,18495,18244,17966,18547,9715,6949,5959,4781,2896
1호선,칠성시장,202511,전체,승차,121172,1491,3779,6925,9786,6824,7404,8847,10237,9455,9531,9524,9129,9920,8198,3422,2486,2219,1347,648
1호선,칠성시장,202511,전체,하차,118661,2023,3910,5841,11108,8420,7646,9274,8209,9470,8714,8826,7939,7467,7922,3653,2893,2205,1863,1278
1호선,신천,202511,전체,승차,148314,2154,5136,10958,16038,11964,9548,10525,10935,8864,8420,9348,10164,10170,10012,4524,3383,3039,2272,860
1호선,신천,202511,전체,하차,145231,583,1781,4904,15372,7576,6412,6542,8343,8456,9526,9990,12848,13109,14904,7731,6000,4735,4227,2192
1호선,동대구역,202511,전체,승차,560670,2676,4551,13437,26568,23982,26297,31874,32972,29917,37711,40370,42450,48881,52036,39456,41317,31929,24526,9720
1호선,동대구역,202511,전체,하차,573070,1884,16382,22001,41835,41772,37012,32698,35540,37702,39536,41186,44666,48318,50575,30464,21417,16594,9056,4432
1호선,동구청,202511,전체,승차,99638,2083,3114,7415,11859,8102,5984,6474,6876,6904,6056,5129,6977,6298,7100,2969,2133,1744,1252,1169
1호선,동구청,202511,전체,하차,93989,308,1726,3231,8135,4723,4358,4997,5547,5384,5117,6338,7382,8821,10127,5044,4273,3701,2801,1976
1호선,아양교,202511,전체,승차,145562,2349,3639,8863,14353,11624,9105,8876,9504,9832,9054,9292,10762,12026,11531,5143,3667,3231,1934,777
1호선,아양교,202511,전체,하차,134393,687,2888,6210,12093,7581,6275,7494,7747,8384,7487,9743,10466,12373,12120,6597,5598,4736,3677,2237
1호선,동촌,202511,전체,승차,70753,1084,1758,3523,5966,4103,3872,4127,5273,4683,5359,6128,6621,5940,4954,2362,2008,1615,970,407
1호선,동촌,202511,전체,하차,68676,283,639,2045,5008,3514,3960,4675,5301,4803,4957,4996,5476,5837,5915,3386,2818,2141,1788,1134
1호선,해안,202511,전체,승차,77966,1538,2221,5523,7552,5812,4777,5422,5354,5759,5822,5373,5178,5608,4251,2464,1640,1249,1034,1389
1호선,해안,202511,전체,하차,74721,276,1154,2424,5041,3225,3803,4284,5192,4478,5384,5815,6743,6994,6472,3842,3250,2933,2225,1186
1호선,방촌,202511,전체,승차,98934,1852,3007,7108,10306,8068,6432,7223,7184,6978,6288,6034,5806,7937,6109,3103,1942,1691,1285,581
1호선,방촌,202511,전체,하차,101312,428,1256,3203,6007,4920,4594,5600,6633,6388,6640,7763,8901,8934,9139,5784,5507,4396,2894,2325
1호선,용계,202511,전체,승차,64602,1924,1754,4360,6231,4668,3727,3542,4387,4893,4107,3887,5998,5025,4571,2108,1495,1065,573,287
1호선,용계,202511,전체,하차,54181,195,1151,2191,5444,3338,2040,3647,3524,2939,2487,3827,3858,4672,4898,2972,2262,2059,1703,974
1호선,율하,202511,전체,승차,129251,2109,3312,9586,14110,9442,7047,7690,7588,7670,7481,8692,9532,9266,10463,4861,3983,3588,1963,868
1호선,율하,202511,전체,하차,128643,238,1840,4369,9034,5358,5500,5854,6492,7932,7973,10184,11569,12712,13346,7874,6223,5144,4403,2598
1호선,신기,202511,전체,승차,120018,2233,3472,9031,13536,9713,8128,9052,9979,8648,8827,8438,8105,6397,5342,2822,2260,1802,1618,615
1호선,신기,202511,전체,하차,113068,155,952,2874,8337,6155,5805,6343,7899,6309,7663,7986,9994,9862,10282,6539,4994,4737,3911,2271
1호선,반야월,202511,전체,승차,87360,961,2008,5706,8377,5615,4860,5244,6862,5749,5366,6112,6148,6910,7527,3108,2298,2418,1505,586
1호선,반야월,202511,전체,하차,87884,129,1851,4649,8351,5748,3650,3640,4600,4551,5078,5656,7045,7668,8889,4809,3721,3726,2634,1489
1호선,각산,202511,전체,승차,128995,1678,3374,10639,13428,9840,7721,8213,9078,7868,7107,7731,8542,8697,9007,4555,3669,3814,3005,1029
1호선,각산,202511,전체,하차,125231,90,1253,4816,9137,5566,4412,5927,6380,7061,6851,10595,11241,13039,13560,7516,5350,5489,4179,2769
1호선,안심,202511,전체,승차,119989,1524,3410,8623,11863,8255,7029,6652,7171,7369,6936,8290,9223,10121,12336,3832,2801,2003,1464,1087
1호선,안심,202511,전체,하차,109259,44,1927,4505,14128,7141,5134,5708,6553,5692,5283,6136,7435,8298,8625,5614,4960,4670,4554,2852
2호선,대구한의대병원,202511,전체,승차,25375,478,862,2195,2609,1913,1540,1549,1844,1656,1458,1500,1711,1861,1628,751,509,649,474,188
2호선,대구한의대병원,202511,전체,하차,26698,47,480,655,2067,1480,1111,1031,1253,1184,1406,1493,1965,2368,2944,2173,1434,1467,1253,887
2호선,부호,202511,전체,승차,52108,413,712,1431,2016,2283,2103,2635,3222,4448,4043,4948,6395,8023,4371,1629,1406,1079,697,254
2호선,부호,202511,전체,하차,59931,66,1326,1280,7107,8125,4532,4449,3332,2983,2645,2688,2908,3162,2852,2368,2116,2684,2953,2355
2호선,하양,202511,전체,승차,132964,1424,2648,7109,8414,7059,6499,6998,9079,9647,10126,11432,15338,13361,9502,4552,3392,2962,2736,686
2호선,하양,202511,전체,하차,123411,41,1913,3520,12150,8338,6825,6117,6561,5187,5392,6307,7177,8482,9704,7549,6974,7341,7072,6761
2호선,문양,202511,전체,승차,80128,930,931,2284,3838,4157,4697,4389,4561,7541,9267,8886,8699,8927,6008,2311,1228,899,332,243
2호선,문양,202511,전체,하차,73094,35,2602,5746,6683,5051,6149,9111,7588,5345,5046,4569,3830,3704,2662,1537,1107,957,873,499
2호선,다사,202511,전체,승차,106922,2045,3447,10565,13149,8728,6725,6134,6816,6651,6012,7715,7050,6786,5868,3181,2110,1237,1352,1351
2호선,다사,202511,전체,하차,93821,47,1175,2794,5665,2620,2945,3105,4535,4398,5533,6562,8367,9598,10730,6913,5783,5608,4623,2820
2호선,대실,202511,전체,승차,198886,1954,5094,17458,20500,13273,11902,12206,12786,13035,11054,11539,13583,14599,13950,7679,6790,5369,4299,1816
2호선,대실,202511,전체,하차,195990,93,2277,9329,12573,7928,6766,8220,9222,11611,12382,15991,17823,20002,21689,12783,8451,7980,7080,3790
2호선,강창,202511,전체,승차,202493,1404,2871,10124,12027,9806,11130,11847,11358,11746,14294,15612,18625,31533,17359,7324,4994,4583,4401,1455
2호선,강창,202511,전체,하차,188940,284,7944,14741,28966,12896,11640,9156,8367,11893,9432,9262,10694,9716,10877,6857,7204,7135,7375,4501
2호선,계명대,202511,전체,승차,203678,1611,3151,7992,11968,7898,8557,8950,10380,12516,11584,12969,18488,27801,24669,9838,8982,7518,5822,2984
2호선,계명대,202511,전체,하차,197513,107,4874,14171,29829,12677,13077,9435,8407,9783,9576,8918,11132,12066,13862,9582,7509,7521,8607,6380
2호선,성서산업단지,202511,전체,승차,144062,1493,3713,8458,10956,7221,6742,7394,8202,8248,8015,7926,10266,16070,16545,6909,6209,4230,3692,1773
2호선,성서산업단지,202511,전체,하차,139874,649,5430,13957,15072,6236,5505,6046,6679,6833,7888,8038,9095,11801,12947,7849,4973,4854,3638,2384
2호선,이곡,202511,전체,승차,106630,2167,3685,9979,12892,8842,7090,6970,7345,6798,6423,6529,5906,7583,6253,2780,2303,1473,1203,409
2호선,이곡,202511,전체,하차,95661,336,1727,5137,8166,3805,3224,3861,4365,4607,5058,6650,7703,9367,10040,6181,4120,4306,3907,3101
2호선,용산,202511,전체,승차,212002,2478,4845,14734,21542,13611,11674,14474,12906,12612,11855,14720,15657,15865,16922,11411,7170,5531,2950,1045
2호선,용산,202511,전체,하차,209312,1205,5168,10247,19290,10009,7979,8231,10781,13657,11630,15135,17614,19289,22661,11021,8376,7055,6331,3633
2호선,죽전,202511,전체,승차,193303,1775,4516,14958,20270,12807,10444,11084,12393,11705,11130,11412,12023,15385,14689,8235,7098,6512,4898,1969
2호선,죽전,202511,전체,하차,197421,724,3582,6416,14323,9059,8077,8291,9355,10424,11809,12617,16012,20757,25342,11924,8773,8036,7199,4701
2호선,감삼,202511,전체,승차,203686,3941,4836,12948,18772,13397,11827,13154,14272,15344,13707,13685,16335,15988,14351,6290,4822,4329,2970,2718
2호선,감삼,202511,전체,하차,188495,602,2717,7124,18949,10849,9167,9377,10504,11284,13125,14204,15118,17640,18687,9007,7077,5815,4601,2648
2호선,두류,202511,전체,승차,217445,2569,4595,12982,16356,12173,10968,12057,13254,12943,13691,15653,16296,15949,16381,9670,11737,12081,5792,2298
2호선,두류,202511,전체,하차,203095,499,3263,7737,20038,12624,9153,11037,11536,12740,12519,13969,15133,17649,20395,11071,7978,6839,5924,2991
2호선,내당,202511,전체,승차,127207,1835,3879,9451,13033,8400,7156,7484,7914,8133,7611,6807,6845,7960,8645,4905,4722,5207,6198,1022
2호선,내당,202511,전체,하차,119426,483,1700,3155,9888,6819,5565,6670,6674,6809,6642,8908,9664,11244,13127,6719,5095,4693,3807,1764
2호선,반고개,202511,전체,승차,111170,2135,4595,8879,11717,7766,6661,6627,7454,7783,6639,6424,7457,7991,7688,3643,2826,2377,1749,759
2호선,반고개,202511,전체,하차,115081,371,1853,4648,10187,6527,5264,5594,6283,6270,6535,8020,9777,10891,12754,5802,4764,4144,3483,1914
2호선,청라언덕2,202511,전체,승차,160654,1252,3187,9514,12659,7885,6872,8857,11502,12796,13388,17518,15874,14497,11253,4577,3237,2891,2004,891
2호선,청라언덕2,202511,전체,하차,150885,543,1798,4915,13874,9362,11189,11403,11754,12278,12014,11601,10898,9261,10928,5630,4163,3662,3596,2016
2호선,반월당2,202511,전체,승차,665660,2076,3457,6132,9855,11054,15807,26868,34539,42738,52729,62670,67476,69491,68790,48420,50535,44198,34237,14588
2호선,반월당2,202511,전체,하차,615933,1488,4566,11490,41676,46200,40261,50671,54535,56404,52692,51425,48432,52596,53167,23510,11010,7045,5326,3439
2호선,경대병원,202511,전체,승차,195221,869,2293,7507,10482,9083,10297,11264,12657,10003,12735,15361,16619,21240,20856,9091,7379,7264,6881,3340
2호선,경대병원,202511,전체,하차,218321,610,4089,14984,36796,18861,13537,11376,11331,14250,12587,12402,12277,14022,17299,8544,4967,4325,3746,2318
2호선,대구은행,202511,전체,승차,174098,1328,4001,12728,16454,12133,8725,9881,10878,10042,9783,10508,13345,12569,17481,7219,5652,5223,4363,1785
2호선,대구은행,202511,전체,하차,178053,470,2973,7169,21844,9756,7055,7673,9190,9071,9653,11938,15154,15952,19013,10031,6942,5922,5352,2895
2호선,범어,202511,전체,승차,236267,1183,3392,13780,19927,12235,11137,14111,14338,13245,14218,16308,17795,20401,27785,10595,8872,8080,6290,2575
2호선,범어,202511,전체,하차,236842,978,4060,9420,33476,19280,12345,10536,12118,13584,14509,14490,17363,18655,22519,10399,7236,6439,5893,3542
2호선,수성구청,202511,전체,승차,155148,1354,2248,7771,11716,7697,8421,7655,8414,8753,8466,8861,9753,11049,13461,9271,7007,9495,11909,1847
2호선,수성구청,202511,전체,하차,159728,474,1186,4169,11759,8938,7193,7093,8385,10842,9913,13886,19549,15265,17117,9469,4697,4110,3241,2442
2호선,만촌,202511,전체,승차,146417,928,3145,10705,15250,8392,11102,9693,8407,8343,9308,10330,11137,10319,9446,5156,3972,4731,4967,1086
2호선,만촌,202511,전체,하차,126770,529,1581,4218,8872,5792,5116,5437,6074,7338,7012,9991,12701,11890,14528,8007,5100,5286,4848,2450
2호선,담티,202511,전체,승차,98296,569,1786,5904,9408,5737,4374,4885,7862,6661,5392,8557,12569,7325,6243,3166,2283,2485,2246,844
2호선,담티,202511,전체,하차,89108,403,1263,5784,11079,5194,3359,3850,4109,4627,4366,5915,6840,7016,8725,4923,3686,3431,3061,1477
2호선,연호,202511,전체,승차,18373,135,429,1534,2138,1204,904,893,860,1205,1012,1060,1531,1835,1875,607,501,364,228,58
2호선,연호,202511,전체,하차,14899,158,500,1114,1929,780,747,636,662,808,738,833,831,1097,1285,687,681,703,449,261
2호선,대공원,202511,전체,승차,29009,130,404,766,1650,1560,1167,1432,1446,1427,1613,1749,2243,3344,5348,2747,711,646,414,212
2호선,대공원,202511,전체,하차,26168,55,670,1777,5967,2288,1219,1464,1646,2257,1288,1309,1123,1270,1382,732,598,571,410,142
2호선,고산,202511,전체,승차,91447,1200,4008,7541,10758,7934,7873,5547,4976,4873,4849,4405,5632,5750,5520,2698,2874,1806,2101,1102
2호선,고산,202511,전체,하차,76788,97,1139,1923,4829,2947,2392,3048,3419,4102,3849,5339,6973,8065,9766,5568,4020,3742,3584,1986
2호선,신매,202511,전체,승차,181957,2287,5680,14290,19264,12060,9991,10477,18478,16315,10626,10962,10665,10188,9446,5810,4786,4756,4245,1631
2호선,신매,202511,전체,하차,178258,105,2114,3425,8920,7450,6548,8252,9379,10866,10670,13088,16183,19557,22474,11740,8793,7146,7627,3921
2호선,사월,202511,전체,승차,126971,1395,4318,14064,17628,9860,7900,7437,8347,8047,7263,7150,7195,8573,6878,3590,2607,2216,1865,638
2호선,사월,202511,전체,하차,120875,105,1089,2420,5241,3918,4141,4708,5703,6261,6756,7813,10867,12742,16199,8670,6364,6867,6817,4194
2호선,정평,202511,전체,승차,132851,2157,4742,12995,19337,12120,8858,8910,8841,8651,7151,6651,6497,7467,7010,3333,2741,2505,2111,774
2호선,정평,202511,전체,하차,124787,160,1130,2040,5099,3690,4287,5194,5852,6494,6929,9254,11625,13861,15776,9826,6813,6603,6198,3956
2호선,임당,202511,전체,승차,100976,1388,2796,9067,11438,7337,6034,5937,6204,6691,5669,6000,6742,8403,8321,3200,2303,1784,1265,397
2호선,임당,202511,전체,하차,95818,23,1847,3606,6793,4523,3444,4605,4855,4841,4870,6439,7147,8849,10618,6824,4741,4827,4332,2634
2호선,영남대,202511,전체,승차,274791,2700,3035,8617,13414,12328,13439,13956,14294,18186,20439,18816,36120,35412,22450,11613,9402,8859,8494,3217
2호선,영남대,202511,전체,하차,255689,42,3128,6250,33300,15369,22602,17144,12445,17481,15383,10797,13086,13152,15452,11219,10520,11581,15613,11125
3호선,칠곡경대병원,202511,전체,승차,40137,264,386,1301,1682,1866,2624,2790,2313,2591,2868,3983,3909,5940,3493,1161,962,938,665,401
3호선,칠곡경대병원,202511,전체,하차,34686,29,1004,2974,6149,3227,2744,1833,2211,2606,2347,1813,1653,1767,1136,1020,1034,559,294,286
3호선,학정,202511,전체,승차,14947,345,305,1187,1055,1038,857,901,951,905,909,1221,1698,1334,610,443,189,230,185,584
3호선,학정,202511,전체,하차,11465,40,1294,627,1430,493,420,421,582,715,665,735,708,846,848,502,330,260,254,295
3호선,팔거,202511,전체,승차,128454,1554,2850,10482,9791,6921,6877,6889,8253,7955,7705,7729,8559,10216,9435,5730,5844,5565,4789,1310
3호선,팔거,202511,전체,하차,131600,48,1713,3236,9326,5828,5643,6285,7304,8743,8070,9901,12574,12985,15559,8155,5551,4422,3464,2793
3호선,동천,202511,전체,승차,67659,1014,2446,7506,8417,5185,4815,4356,4483,3970,3852,3610,4056,4018,3006,1985,1629,1338,1132,841
3호선,동천,202511,전체,하차,60082,21,440,1543,3188,2363,2197,2346,2664,3783,4054,4480,6168,5856,7485,3847,2766,2640,2435,1806
3호선,칠곡운암,202511,전체,승차,109804,1710,4370,10856,11962,8346,8279,7792,8295,8077,6740,6262,6011,6822,5461,3001,2177,1672,1447,524
3호선,칠곡운암,202511,전체,하차,107272,46,1109,2341,4515,4074,4524,5060,6037,6291,7576,8690,11007,11126,12301,6701,5103,4596,3764,2411
3호선,구암,202511,전체,승차,75825,936,1639,3827,4955,3692,4157,4413,5376,5151,4566,6534,8373,7798,5144,2931,2133,1811,1376,1013
3호선,구암,202511,전체,하차,65330,82,529,3343,7747,5000,4011,2737,3964,4247,3305,3818,3801,4841,5278,3211,2429,2463,2665,1859
3호선,태전,202511,전체,승차,60206,997,1938,5016,5913,4315,4030,3871,4065,4499,3615,3456,3736,4298,3813,1974,1411,1326,1085,848
3호선,태전,202511,전체,하차,62683,100,939,1719,3706,2728,3004,3190,3470,3939,3722,5021,5412,6116,6491,3785,2904,2744,2445,1248
3호선,매천,202511,전체,승차,64380,1438,2093,5359,7658,5129,4452,4073,4072,4768,3556,3589,5055,3934,3186,1850,1223,919,770,1256
3호선,매천,202511,전체,하차,55783,176,879,1943,3349,1537,1850,2367,2926,3368,3335,4733,5577,5764,5764,3447,2542,2587,2182,1457
3호선,매천시장,202511,전체,승차,46587,462,1169,4476,4984,3297,3041,2809,2889,3065,2997,3160,3146,3461,2742,1712,1096,964,739,378
3호선,매천시장,202511,전체,하차,44259,285,1067,1350,2348,1708,1831,2251,2706,2794,2972,3033,3743,4133,4558,2509,2047,2012,1930,982
3호선,팔달,202511,전체,승차,31990,582,1090,3055,3227,2564,2146,2175,1985,2292,2023,1988,2277,2268,1669,903,648,401,264,433
3호선,팔달,202511,전체,하차,32785,114,919,1404,2345,1146,1320,1319,1861,1976,2071,2619,2783,3149,3122,2001,1335,1384,1375,542
3호선,공단,202511,전체,승차,40083,1070,461,1110,1534,1769,2267,2798,2942,2479,2383,2747,3731,5442,4743,1597,1031,756,520,703
3호선,공단,202511,전체,하차,33274,195,1745,6332,4974,2131,1872,1671,1782,2027,2010,2170,1603,1560,1200,678,469,383,274,198
3호선,만평,202511,전체,승차,46770,1320,1244,1904,2629,2308,2422,2556,2430,3176,2988,3038,3250,5346,5044,2215,1872,1304,984,740
3호선,만평,202511,전체,하차,37855,286,1773,3691,4330,2752,1951,1846,2346,2364,2061,2443,2552,2750,2381,1356,979,762,759,473
3호선,팔달시장,202511,전체,승차,72917,1391,2165,4263,5404,4583,4938,5746,5665,5558,5050,5424,5290,5509,5301,2288,1476,1069,653,1144
3호선,팔달시장,202511,전체,하차,67321,283,2104,3481,6437,4340,4326,4396,4532,4710,5274,5361,5528,4895,4241,2242,1825,1398,1158,790
3호선,원대,202511,전체,승차,54539,859,1502,4252,5510,3462,3224,3339,3446,3326,3351,3435,3207,4357,5027,1861,1426,1081,1083,791
3호선,원대,202511,전체,하차,51053,147,1160,3203,5193,2489,2135,2465,3019,2761,3135,3662,4337,4669,4825,2451,1713,1418,1573,698
3호선,북구청,202511,전체,승차,113050,966,2703,7362,10378,6603,5984,6415,7133,7007,6603,6978,8150,8561,11994,4202,3821,3663,3075,1452
3호선,북구청,202511,전체,하차,113202,492,1467,4842,15727,5629,4823,5377,6576,7669,6283,7502,8377,10339,11018,5601,3510,3394,2802,1774
3호선,달성공원,202511,전체,승차,89651,656,2366,9611,11821,7122,5247,5037,5036,5865,5141,5330,5661,6330,6417,2672,1907,1548,1092,792
3호선,달성공원,202511,전체,하차,84608,722,2709,5426,9430,4565,3601,4244,4191,5149,4610,5609,6975,6135,7458,4117,3028,2584,2626,1429
3호선,서문시장,202511,전체,승차,203799,545,818,2334,3998,4433,7213,12737,17985,22749,27209,30012,27362,22768,12697,4038,2696,2160,1381,664
3호선,서문시장,202511,전체,하차,202715,434,2004,5415,14513,14191,19404,25753,26292,25213,23461,17595,11789,6266,4517,2180,1505,1103,716,364
3호선,청라언덕3,202511,전체,승차,72172,868,1639,4277,6761,4725,3629,3955,4691,4717,3938,4821,4936,5768,5831,3551,3065,2273,1723,1004
3호선,청라언덕3,202511,전체,하차,69929,271,1568,3321,7319,4284,3908,3646,3800,4402,4616,4830,5949,5662,6337,2942,2392,2167,1640,875
3호선,남산,202511,전체,승차,94959,1156,1855,5177,7961,4941,4420,4613,6015,7408,5315,8398,7708,9550,7455,3463,2913,3159,2046,1406
3호선,남산,202511,전체,하차,94651,176,1314,5462,15982,5901,4612,4395,4931,6142,5025,5698,6035,7664,8132,4369,3000,2672,2044,1097
3호선,명덕3,202511,전체,승차,84140,822,1016,2800,4009,3316,3706,4235,5810,6217,6041,6554,9121,7386,7357,3920,3433,3449,2961,1987
3호선,명덕3,202511,전체,하차,74029,197,1407,6753,7129,4740,4189,4038,4462,5184,4497,4768,5011,5729,6162,3098,2365,1902,1624,774
3호선,건들바위,202511,전체,승차,55706,526,1270,3426,5145,3722,3563,3752,3756,3944,3392,4055,3902,4210,3774,1652,1957,1587,1186,887
3호선,건들바위,202511,전체,하차,53004,122,570,1501,4591,3595,2845,2403,3285,3450,3333,3589,4474,4683,5740,3355,1910,1424,1193,941
3호선,대봉교,202511,전체,승차,82410,1277,1488,4379,5821,4378,4132,4935,5734,6030,6207,7003,7016,5668,6030,4366,3653,1600,1103,1590
3호선,대봉교,202511,전체,하차,79703,172,1196,2387,5781,6334,5560,5460,5724,5990,5814,6187,6570,6498,6696,3086,2163,1771,1469,845
3호선,수성시장,202511,전체,승차,91700,993,1747,5090,6518,5201,5715,6301,6862,6264,5935,6912,6902,7520,7877,3853,2952,2263,1692,1103
3호선,수성시장,202511,전체,하차,85168,281,1291,3411,10058,5886,5073,5149,5066,6521,6169,6628,6544,6891,6857,3314,2210,1772,1200,847
3호선,수성구민운동장,202511,전체,승차,54514,688,836,3406,5217,3088,2958,3203,3444,3919,4065,3687,3784,4214,4542,1842,1835,1653,1499,634
3호선,수성구민운동장,202511,전체,하차,52135,127,783,1781,4802,3225,2618,2639,3297,3342,3200,3636,4399,4995,5267,2723,1786,1526,1225,764
3호선,어린이회관,202511,전체,승차,37578,537,461,1808,2952,2111,1685,2077,2348,3123,2629,2860,3086,3025,3257,1682,1248,1259,767,663
3호선,어린이회관,202511,전체,하차,35419,54,763,1692,3305,2257,1970,2387,2316,2312,2103,2218,2738,2746,3510,1550,1170,1022,728,578
3호선,황금,202511,전체,승차,83946,1003,1816,5041,6854,5383,5014,5498,6078,6178,5972,5565,6109,6050,6078,2901,2617,2491,1912,1386
3호선,황금,202511,전체,하차,82324,97,1350,2377,6135,4382,4046,4591,4945,5154,5647,5661,7162,7470,8904,4446,3711,2636,2235,1375
3호선,수성못,202511,전체,승차,73535,614,1263,2505,3717,2787,2923,3206,4640,5052,6005,6962,7195,6053,5401,3188,3300,3788,2839,2097
3호선,수성못,202511,전체,하차,74886,87,1032,1717,4047,3401,4251,5644,5456,6065,5668,6377,6534,6837,7447,3938,2240,1707,1356,1082
3호선,지산,202511,전체,승차,69902,1332,2260,5495,7576,5465,4832,4827,4819,5163,4655,4643,4228,4357,3443,1710,1543,1381,1157,1016
3호선,지산,202511,전체,하차,63775,160,717,1227,4349,2572,2704,2876,3529,3934,3682,4924,5513,7079,7615,3998,2754,2644,1984,1514
3호선,범물,202511,전체,승차,113911,2470,3156,7848,10553,8226,8046,8562,8773,8735,7489,7487,7022,7305,6392,3474,3110,2150,1678,1435
3호선,범물,202511,전체,하차,107665,103,1075,2102,5347,4771,5134,5555,6647,6883,8341,8834,11232,10776,11444,5933,4439,4031,3000,2018
3호선,용지,202511,전체,승차,66391,1292,1467,4127,5982,5642,4788,5423,5739,5476,5014,4795,4387,4221,3502,1614,1064,867,605,386
3호선,용지,202511,전체,하차,63273,30,1381,1665,4332,3750,3642,4429,4286,4817,4700,4907,5189,4850,5230,2856,2444,2176,1521,1068
