호선명,역명,년월(YYYYMM),요일,구분,합계(전체),01시-02시,02시-03시,03시-04시,04시-05시,05시-06시,06시-07시,07시-08시,08시-09시,09시-10시,10시-11시,11시-12시,12시-13시,13시-14시,14시-15시,15시-16시,16시-17시,17시-18시,18시-19시,19시-20시,20시-21시,21시-22시,22시-23시,23시-24시,24시-01시
1호선,다대포해수욕장,202511,전체,승차,158524,14,3,16,805,1813,4270,10165,12306,10714,11647,12454,11627,11112,11935,14477,13229,12312,7517,3873,3312,2455,1955,496,17
1호선,다대포해수욕장,202511,전체,하차,133301,12,12,13,15,987,3424,5314,8335,6958,7993,8876,10031,10289,10316,10039,11140,9937,8891,6033,4075,3549,3127,2307,1628
1호선,다대포항,202511,전체,승차,106698,9,3,0,385,1758,3172,6873,8012,6934,7300,8183,8059,7832,7726,8209,7883,7803,6249,3257,3174,2142,1394,296,45
1호선,다대포항,202511,전체,하차,120365,15,5,1,4,683,3227,3831,6787,5618,6560,8483,7761,7866,8402,10380,11060,10830,10200,5782,3789,3778,2782,1778,743
1호선,낫개,202511,전체,승차,147407,4,16,0,553,3110,6331,13743,15764,13005,11826,11373,10771,9996,8952,9000,9028,8001,5986,3136,2547,2127,1503,565,70
1호선,낫개,202511,전체,하차,152763,11,15,3,7,467,2138,3359,7509,4829,5881,7638,8568,8900,10048,12607,14405,16084,16398,10359,7282,6694,5039,3244,1278
1호선,신장림,202511,전체,승차,102126,21,2,0,278,2476,3446,8463,10153,8078,8190,8297,8270,6848,5840,6215,6297,8175,5147,2542,1551,942,653,193,49
1호선,신장림,202511,전체,하차,97816,18,6,2,9,385,2088,5398,6672,4500,5616,6117,5393,5502,6132,7338,8605,8283,8460,5382,3970,3138,2550,1620,632
1호선,장림,202511,전체,승차,125098,3,0,0,188,2301,3476,8655,9893,6798,6570,8003,9021,12770,7700,8137,9079,11160,7903,4130,2950,3985,1516,778,82
1호선,장림,202511,전체,하차,116732,8,2,0,5,710,4302,10856,12107,5436,4469,5128,5267,5965,6509,7858,9582,9546,9233,5636,4287,4209,2859,1940,818
1호선,동매,202511,전체,승차,126233,0,0,0,140,2536,4545,9593,11251,9077,8070,8783,8359,7405,6713,7123,11618,13080,9091,3348,2634,1468,943,366,90
1호선,동매,202511,전체,하차,114862,7,1,0,2,387,6219,11719,10668,4439,5063,5419,6372,6577,6570,8462,9125,9097,8504,4865,3554,3559,2363,1318,572
1호선,신평,202511,전체,승차,192224,9,0,5,1269,2912,5723,14447,18299,13828,11459,11488,11671,11809,10508,11258,13476,17465,17547,7495,4744,3779,2034,808,191
1호선,신평,202511,전체,하차,198124,13,12,9,38,686,7865,15572,17013,7767,7894,9334,10410,11417,11073,13578,15263,17225,18491,10229,7552,6610,5489,3048,1536
1호선,하단,202511,전체,승차,600971,11,5,0,899,4531,12843,36375,46759,32629,33048,36713,39110,38267,37296,41106,49565,54995,54602,26917,22087,16752,11625,4356,480
1호선,하단,202511,전체,하차,553165,14,8,0,52,2175,23423,26919,41270,35375,29484,30853,29971,33393,32391,35232,40894,46137,49260,28158,20469,19755,14976,9793,3163
1호선,당리,202511,전체,승차,200535,13,0,0,566,3080,5928,13176,19245,13816,13661,15126,15341,15162,14108,13491,14129,13491,12243,5694,4766,3945,2328,1124,102
1호선,당리,202511,전체,하차,212769,13,3,0,8,711,4020,5425,15542,11016,10716,12577,12833,14491,14015,16881,20210,19709,20132,10752,7740,7005,4964,3139,867
1호선,사하,202511,전체,승차,139868,6,3,0,386,2438,5848,12296,17641,11834,10314,9970,10145,10273,8229,8315,9082,8493,6191,3190,2053,1710,959,405,87
1호선,사하,202511,전체,하차,125819,6,7,3,30,421,1508,2880,7083,4682,5417,6931,7227,7441,8300,10353,11917,12754,12898,7554,6037,5356,3922,2293,799
1호선,괴정,202511,전체,승차,271706,10,0,0,423,4316,8613,16558,25119,18404,18345,20256,21793,20658,19072,19806,20398,20476,15226,7873,5454,4544,3089,1091,182
1호선,괴정,202511,전체,하차,269947,12,5,0,10,796,4257,7499,14640,11994,12436,16538,18733,18055,18988,22854,25196,26538,26950,13544,10529,8690,7043,3378,1262
1호선,대티,202511,전체,승차,124305,2,8,1,263,2595,4513,9958,15095,9469,8869,9282,9112,8844,7722,8085,9257,7952,5540,2769,1918,1827,773,341,110
1호선,대티,202511,전체,하차,122911,1,14,2,50,350,2212,3496,8155,6575,6053,6755,8155,7059,7359,9774,10805,11334,11813,6898,5204,4634,3591,1897,725
1호선,서대신,202511,전체,승차,105184,0,0,0,120,1622,2956,7656,11185,7395,7524,7323,7452,7230,7093,7829,8197,8323,5921,2532,1810,1397,1044,478,97
1호선,서대신,202511,전체,하차,111456,0,0,0,69,831,2117,5499,10677,6368,6018,5778,6209,7265,7021,8135,8149,9127,10052,5322,4149,3553,2587,1870,660
1호선,동대신,202511,전체,승차,204288,11,7,0,230,3827,5692,11529,17909,13764,13338,14139,14144,14295,13574,14959,15537,17831,13169,6582,5081,4318,2958,1259,135
1호선,동대신,202511,전체,하차,178161,13,10,2,2,493,2471,4692,11766,8707,8798,9867,10152,10816,11930,14025,14524,17463,18231,9865,7621,6411,4953,4339,1010
1호선,토성,202511,전체,승차,280435,9,0,0,149,3210,5026,10410,15760,15128,17196,18917,16920,17820,22056,26325,30630,38104,17838,7685,6018,5083,3459,2559,133
1호선,토성,202511,전체,하차,275092,15,3,0,1,1936,5658,14188,39930,23982,25562,20274,15281,22093,17526,12978,12884,13409,14471,8397,6400,6765,7254,4599,1486
1호선,자갈치,202511,전체,승차,555076,5,16,4,195,4070,5455,9494,15873,17115,23417,30055,36385,42828,53269,63190,59160,56096,48143,27750,23322,18889,13282,6653,410
1호선,자갈치,202511,전체,하차,559707,5,15,2,73,3606,7262,15999,37831,32640,41968,56496,57442,52865,48492,43496,38592,38147,33749,17776,12070,9841,6274,3958,1108
1호선,남포,202511,전체,승차,572930,9,7,9,92,3960,6202,13118,22462,19364,20677,26029,32961,37829,44741,53522,58656,63337,59789,35768,35172,21991,12698,4317,220
1호선,남포,202511,전체,하차,603693,12,14,12,32,3174,11745,23592,43922,38107,44344,51913,50150,50298,47125,45439,42628,43919,40465,22295,15282,12729,9512,5426,1558
1호선,중앙,202511,전체,승차,275771,9,6,3,44,1677,3125,5892,10353,9381,9836,11815,12470,14058,15292,17349,23035,41497,62331,14036,9633,7687,4160,1961,121
1호선,중앙,202511,전체,하차,275639,14,9,3,16,2384,5112,18101,88197,25453,14209,14121,13987,15152,12243,11041,11071,11855,11618,6208,4889,3920,3454,2094,488
1호선,부산역,202511,전체,승차,762223,18,10,6,138,4025,5668,12628,31682,36285,46604,53659,43400,56158,45287,56467,62685,74574,79375,45650,37728,30011,27395,12328,442
1호선,부산역,202511,전체,하차,789695,25,10,8,36,7436,17752,39652,88887,54660,40871,41217,51191,48727,49555,49529,57871,60259,60362,43926,32089,24543,13974,6245,870
1호선,초량,202511,전체,승차,191611,2,0,0,23,2586,4156,7625,14319,9985,9604,11364,11339,11847,11533,12794,13704,21196,26315,8090,5689,4536,3226,1593,85
1호선,초량,202511,전체,하차,196280,2,0,0,0,1473,3200,11408,39931,15688,10106,9505,9481,10818,8970,10274,11591,13283,14616,7898,5950,5431,3764,2479,412
1호선,부산진,202511,전체,승차,219252,10,16,2,52,4300,5157,9864,16541,13500,12871,15854,16680,15008,14152,15035,16532,20810,21773,6903,5945,4388,2582,1104,173
1호선,부산진,202511,전체,하차,205594,12,41,38,20,1241,4175,9891,29352,16899,11724,11432,10874,13503,12713,13527,14320,15356,15334,8448,5777,5094,3290,2185,348
1호선,좌천,202511,전체,승차,136551,7,6,1,41,2266,4896,9354,14609,10465,8730,9646,9739,10339,9118,8589,8347,11465,7853,3638,2738,2685,1283,680,56
1호선,좌천,202511,전체,하차,122654,4,10,1,31,1250,3039,6216,12966,8201,7386,7029,6113,7280,7295,7823,8435,8894,10641,6333,4493,3899,2977,2018,320
1호선,범일,202511,전체,승차,460273,4,0,0,39,3743,4593,9494,17808,17561,22618,29232,34681,38724,42056,45578,45664,47901,43457,20161,16176,10947,6347,3395,94
1호선,범일,202511,전체,하차,469181,14,4,0,1,3090,9127,17138,50398,42293,37598,41423,38874,39492,35697,32613,30304,28451,28009,12418,8588,6024,4416,2813,396
1호선,범내골,202511,전체,승차,315612,5,0,8,22,4065,6221,14794,26693,20722,19312,20630,20574,19766,19248,20311,23965,31794,32947,10975,8725,7280,5297,2210,48
1호선,범내골,202511,전체,하차,314919,3,0,4,8,2180,6383,13228,50875,27869,18254,16242,16352,19376,17956,18434,18931,21185,25918,12425,9514,8447,6884,3995,456
1호선,서면,202511,전체,승차,1085581,14,9,3,264,9140,10283,17856,34655,34795,40265,51078,62124,69579,79559,93463,101800,103755,99260,69509,68065,60447,47638,31795,225
1호선,서면,202511,전체,하차,1236347,17,17,7,55,6221,9314,19900,71347,78576,78222,97757,108632,109450,99695,94595,95764,108206,114109,54889,34290,25794,18369,8998,2123
1호선,부전,202511,전체,승차,515179,5,1,0,17,4517,10382,21396,35385,27732,32152,35811,39120,40657,43074,51805,52284,43120,34434,15529,10877,7675,5893,3182,131
1호선,부전,202511,전체,하차,548052,2,3,0,1,4065,7954,12549,37472,36980,41960,46025,54120,54656,47383,43472,40003,35411,35463,16566,12278,10104,7371,3669,545
1호선,양정,202511,전체,승차,401117,7,2,2,30,6149,11219,25566,44470,27254,21924,22867,26934,25835,23762,27340,31475,34080,26403,14095,11385,9766,6797,3553,202
1호선,양정,202511,전체,하차,404263,13,6,9,4,4195,6761,15479,36437,27533,20485,20083,21528,23303,22132,26044,29012,38041,45913,20987,16536,12823,9801,6460,678
1호선,시청,202511,전체,승차,469359,7,20,39,20,5767,12009,31833,54908,33979,26813,27335,26674,29321,27631,29320,29746,32305,45411,16441,15278,12642,7583,4109,168
1호선,시청,202511,전체,하차,455285,11,12,25,2,2721,6437,14745,52056,24811,20617,23420,24938,28310,27082,29401,33177,40431,50547,23211,17585,15483,12261,7310,692
1호선,연산,202511,전체,승차,533562,2,0,6,89,8621,13323,32404,52776,35121,31415,34155,35868,35135,33229,34521,34848,40044,43213,20330,16999,15260,10182,5755,266
1호선,연산,202511,전체,하차,555016,4,0,7,30,2665,6120,12480,46028,35656,29181,31060,32363,36350,34049,37423,46129,53322,60842,30117,20489,18065,13260,8301,1075
1호선,교대,202511,전체,승차,433115,13,13,0,72,3809,11700,30517,52467,32776,26292,26821,25178,27786,24316,24472,31239,33630,39295,15362,10640,9044,5099,2318,256
1호선,교대,202511,전체,하차,417903,8,16,0,14,3491,6229,13562,42260,21895,19838,20406,21944,23610,24716,28628,32346,39169,44998,21956,18318,16011,11797,6005,686
1호선,동래,202511,전체,승차,506691,63,12,20,182,7779,11276,27425,42991,33139,30198,31858,32108,31947,30780,31658,32822,35339,32928,24011,22310,20642,16895,9500,808
1호선,동래,202511,전체,하차,569683,65,29,23,25,5296,17733,19300,38961,26649,24920,29075,29968,32170,33416,38564,46993,58621,66468,33528,24068,19726,13916,9105,1064
1호선,명륜,202511,전체,승차,319251,8,0,0,85,4780,8447,24426,39882,22106,17263,18983,20264,20009,19791,21386,22390,22420,19846,11555,12214,6698,4550,1965,183
1호선,명륜,202511,전체,하차,331266,6,10,0,26,1810,4499,6948,19017,17118,16316,17330,19211,20798,20595,23720,29801,33178,38149,18381,14201,13117,10009,5960,1066
1호선,온천장,202511,전체,승차,506334,13,15,2,209,9878,14616,36651,58613,36946,30440,31467,34828,34818,32596,33177,35089,35747,30515,17171,13102,10908,6322,3018,193
1호선,온천장,202511,전체,하차,507108,4,21,2,50,4148,8625,13372,29244,26716,25875,29303,31585,31918,31151,35745,41709,49262,54752,28421,21188,19259,14084,8474,2200
1호선,부산대,202511,전체,승차,465155,5,0,0,125,5147,8303,20751,32556,21440,20194,22818,25844,27653,27261,33054,44549,43834,41880,24166,20486,20873,15007,8872,337
1호선,부산대,202511,전체,하차,468233,7,7,0,10,2224,3703,10816,42274,30935,32142,26980,29358,32548,28211,29845,33668,40957,45581,24799,17080,15463,11673,7791,2161
1호선,장전,202511,전체,승차,336462,0,2,0,78,5014,8595,21282,33512,24126,21115,21748,22279,23113,20178,22751,25217,26302,23094,12057,8886,8170,5774,3030,139
1호선,장전,202511,전체,하차,340006,0,4,0,6,1947,4748,8065,25860,17583,17373,16630,20083,19180,18527,21116,26504,29076,32360,19045,16517,16841,16199,9837,2505
1호선,구서,202511,전체,승차,300702,14,3,0,139,3712,6394,18469,28025,18990,16773,17475,19352,19338,17379,19438,24218,25733,26150,12545,9900,8201,5495,2812,147
1호선,구서,202511,전체,하차,282342,12,7,0,40,271,5679,11313,23095,14924,13757,14520,16762,17629,17044,21007,23591,25889,26925,15041,11255,9966,7492,4786,1337
1호선,두실,202511,전체,승차,214206,3,9,0,154,3712,6564,16031,23759,17179,15164,14741,16082,15240,13095,14246,14218,15173,13079,5729,3978,2646,2231,1079,94
1호선,두실,202511,전체,하차,186972,3,16,2,9,143,4558,5547,16553,10497,8768,9642,10623,10940,11534,13465,14745,17109,16638,10009,7988,7597,5443,4107,1036
1호선,남산,202511,전체,승차,171208,10,8,0,200,3440,4883,11244,17930,13539,11644,11074,12023,11814,10142,10565,11682,14430,10811,5407,3972,2834,2361,1137,58
1호선,남산,202511,전체,하차,169419,7,11,0,13,47,2995,3531,11259,9708,8348,8519,9640,9361,9527,11714,13376,14921,15957,10275,8371,8649,7090,4680,1420
1호선,범어사,202511,전체,승차,269292,15,4,3,252,3217,6362,16168,24146,18674,17119,19620,23464,20705,20116,21119,24003,21845,15451,7089,4823,2893,1648,527,29
1호선,범어사,202511,전체,하차,216122,18,3,0,5,56,6073,7224,19615,18802,16562,15809,14958,13522,12290,13726,15128,14360,14958,8827,7240,6899,5633,3040,1374
1호선,노포,202511,전체,승차,348206,17,7,0,412,2837,5093,15117,21980,20736,22610,27375,27225,26504,24945,26552,26883,30165,25104,14679,11204,8876,7078,2788,19
1호선,노포,202511,전체,하차,330310,10,17,0,19,37,11928,17208,20814,24680,24948,24335,21191,21964,22779,22179,22411,21962,22267,13961,12090,11433,7856,4749,1472
2호선,장산,202511,전체,승차,471262,4,2,1,262,5614,10661,31929,41381,29535,25850,26578,28704,28361,28623,31560,34801,40602,36683,20325,16614,16507,11936,4726,3
2호선,장산,202511,전체,하차,454627,7,9,2,14,31,8184,14372,30948,24176,21740,23918,25352,28531,28874,32249,36450,43227,44852,28483,20794,18031,13973,7088,3322
2호선,중동,202511,전체,승차,253338,11,5,1,70,2505,5618,17132,23005,16620,14977,15361,15091,15715,15373,17578,20653,21604,19745,10317,7955,6879,5265,1810,48
2호선,중동,202511,전체,하차,229725,9,7,6,39,140,4932,6857,16771,12024,13043,12606,13418,13642,14872,16753,19077,20218,21323,13540,11084,8107,6344,3405,1508
2호선,해운대,202511,전체,승차,444833,1,0,0,106,3444,4823,12951,20350,22211,24474,27882,27729,27439,28322,35523,41826,43578,38725,23654,20592,18303,15441,7210,249
2호선,해운대,202511,전체,하차,465468,1,6,0,19,308,11069,11853,28455,24172,23806,26013,29032,30371,30672,32769,38347,41916,42344,27620,25185,19000,14083,6965,1462
2호선,동백,202511,전체,승차,219802,0,8,0,85,2006,4643,13193,19421,14966,13010,13134,12987,13600,13454,15076,16929,17636,17422,8918,9760,7148,4559,1749,98
2호선,동백,202511,전체,하차,226254,0,14,4,1,228,6045,8005,16073,10399,9427,11447,12245,14178,13426,16179,18800,23469,24584,13812,9585,8690,5469,3402,772
2호선,벡스코,202511,전체,승차,354618,11,8,3,21,2160,8743,18943,31185,25450,22324,20370,25702,23407,24478,24418,29751,30868,29353,13884,9297,7624,4078,2373,167
2호선,벡스코,202511,전체,하차,334518,12,8,6,10,930,9331,13748,24920,20993,22004,19430,21397,19888,21070,22336,26050,25839,28315,15838,14726,13444,8834,4624,765
2호선,센텀시티,202511,전체,승차,698521,9,13,3,67,1010,3333,10447,18498,13994,14127,22650,31169,37188,46288,58608,70052,89744,110265,61654,61882,28233,14960,4189,138
2호선,센텀시티,202511,전체,하차,678406,11,15,3,19,433,7642,19407,78408,73371,54404,52157,51769,51816,50405,47560,48129,48048,41953,20690,12247,9198,6926,3053,742
2호선,민락,202511,전체,승차,116791,10,0,0,43,1510,3609,9611,15281,9752,7491,7396,6709,6790,6569,6385,7132,7193,6777,3413,4244,3853,2100,851,72
2호선,민락,202511,전체,하차,110614,10,7,0,29,168,1253,2116,4754,4170,3889,5486,6020,6235,6595,9184,11025,12613,13915,7445,5109,4630,3856,1654,451
2호선,수영,202511,전체,승차,500916,12,12,8,319,8361,12722,27866,52991,36137,29568,30771,31494,32213,30340,29540,30924,34597,30506,18293,21941,22075,13610,6361,255
2호선,수영,202511,전체,하차,475490,13,10,9,113,1520,5934,9605,32729,23639,22559,24845,26173,28786,27823,32565,38709,48565,56976,30311,21704,18785,13488,8021,2608
2호선,광안,202511,전체,승차,358105,29,4,1,197,3560,6455,16269,31277,21506,18322,19941,20002,19804,19600,22493,23362,23949,21720,21221,23503,21250,15677,7612,351
2호선,광안,202511,전체,하차,408375,16,134,5,28,1338,4587,6248,19003,13831,14905,17898,21412,24345,27996,33287,42601,49640,57132,28078,17968,12742,8463,4919,1799
2호선,금련산,202511,전체,승차,258560,4,0,0,62,1921,3268,9511,18337,13078,13578,15635,15419,14722,15673,17319,17851,20203,18333,15186,17086,16065,10536,4601,172
2호선,금련산,202511,전체,하차,308642,4,9,0,31,970,3492,7071,21328,14129,12522,14317,16272,19589,21392,24162,29774,35766,41213,19171,11643,7498,4958,2735,596
2호선,남천,202511,전체,승차,262546,1,1,51,44,2083,4439,13040,22618,15470,12988,16180,18633,15649,15544,18545,22917,20220,17515,10169,14769,12659,6168,2719,124
2호선,남천,202511,전체,하차,261855,1,1,2,31,1323,3559,5956,19571,16721,15738,15191,15359,19627,16755,18755,21988,24861,27617,13279,9067,7498,5622,2695,638
2호선,경성대부경대,202511,전체,승차,533815,3,5,0,69,4676,8363,22481,38228,26726,21823,25867,29889,29681,34290,41679,55198,58097,45451,23259,20428,21638,15446,10100,418
2호선,경성대부경대,202511,전체,하차,542644,6,3,2,24,1605,4840,10838,50299,56596,33046,26040,33686,33846,28765,28508,34644,42074,53422,28511,21066,21620,19253,11159,2791
2호선,대연,202511,전체,승차,311633,4,4,0,133,5731,9010,17951,32301,23943,19980,20628,20994,20448,19309,19487,22278,24525,21681,11247,8250,6910,4499,2210,110
2호선,대연,202511,전체,하차,303833,0,4,0,57,1355,3704,8136,22983,16723,13041,15127,16713,16460,18511,20551,24093,27070,32664,18155,13458,13579,12648,7961,840
2호선,못골,202511,전체,승차,160208,0,6,0,18,2369,4761,10608,16981,11799,10136,10209,10491,10075,8927,10122,14994,12553,12349,4942,3334,2697,1883,915,39
2호선,못골,202511,전체,하차,164897,0,6,0,4,2207,5682,7810,16473,8034,6529,7544,7752,8871,9218,10917,13427,14139,17142,9057,6654,6158,4372,2572,329
2호선,지게골,202511,전체,승차,85638,2,0,0,36,2207,2767,5507,8544,6202,5131,5557,5631,5446,4546,6249,8477,7329,5678,2301,1717,1231,712,335,33
2호선,지게골,202511,전체,하차,85120,3,2,0,3,1738,2617,4154,9645,4427,4060,4138,4293,4399,4464,5725,6995,7679,7661,4193,3081,2697,1924,1077,145
2호선,문현,202511,전체,승차,165442,4,2,0,58,2767,4471,9343,15301,10931,9477,9415,10164,10665,9926,10132,12641,14963,18210,6223,4300,3286,2079,1014,70
2호선,문현,202511,전체,하차,155933,7,4,0,30,1234,3870,6170,18247,8529,7638,8552,9343,8433,8737,9259,11035,12372,14019,7615,6653,6002,4695,3146,343
2호선,국제금융센터부산은행,202511,전체,승차,153501,3,3,0,26,1615,2558,5754,9024,6864,6367,8110,7281,7684,7636,8967,11155,16812,32052,7222,5059,3802,4464,973,70
2호선,국제금융센터부산은행,202511,전체,하차,160433,1,5,0,46,1043,3573,11865,41428,10919,6033,6357,7934,8692,7194,7176,7726,9581,11116,5901,4281,4493,2953,1839,277
2호선,전포,202511,전체,승차,290022,12,9,0,88,3326,5160,11649,21176,13621,10525,11058,14061,14958,16515,20253,24352,26533,26461,16367,16418,16450,13264,7565,201
2호선,전포,202511,전체,하차,357387,6,34,10,5,952,2610,10391,26481,13628,13987,19892,22902,23930,22497,24654,28522,36560,46015,23707,14926,11641,8360,4526,1151
2호선,서면,202511,전체,승차,760282,10,1,1,173,6830,7666,14730,23828,24247,30230,36388,44059,50852,57735,68325,74651,74878,69957,47311,45396,37378,27445,17979,212
2호선,서면,202511,전체,하차,768827,4,4,0,22,3607,7426,14461,47505,56029,49852,61222,59211,61625,57127,56381,57821,65279,68640,34886,24849,19261,13998,7209,2408
2호선,부암,202511,전체,승차,199346,3,1,0,44,4133,5658,14398,22441,15336,12305,13303,12318,11606,10838,12856,14034,17521,15359,6281,4225,3320,2452,869,45
2호선,부암,202511,전체,하차,182617,3,12,0,27,2085,4800,7034,23194,12956,8850,8803,8886,10028,10408,11252,12922,15014,16659,9133,6905,6499,4411,2141,595
2호선,가야,202511,전체,승차,111471,5,0,0,27,3659,4909,10674,14183,10481,7968,7475,7510,7477,6065,5258,6371,6335,5975,2652,1834,1299,847,412,55
2호선,가야,202511,전체,하차,104718,5,3,0,10,877,2159,2845,5733,3410,3614,4978,5465,5554,6505,8239,10236,11147,12088,6521,4826,4720,3366,1900,517
2호선,동의대,202511,전체,승차,223816,0,1,0,29,3367,5389,13468,19010,12916,11646,13824,15400,16848,17320,19138,21976,21208,12407,6205,4572,4030,3223,1726,113
2호선,동의대,202511,전체,하차,203558,0,5,0,4,1334,2462,5467,20947,20923,16742,11422,12659,10513,10044,11138,12906,14828,16996,9080,7612,7483,6436,3843,714
2호선,개금,202511,전체,승차,254600,3,0,0,42,5031,8444,20307,29834,20710,18891,19037,18125,16158,15765,15540,15644,18952,13307,6238,4576,3596,2780,1491,129
2호선,개금,202511,전체,하차,245408,6,4,0,21,1326,4152,9060,17748,12809,10940,11264,12503,15538,15023,17210,19438,24653,28278,12898,10364,9101,7561,4688,823
2호선,냉정,202511,전체,승차,190936,6,11,0,19,3108,4696,10444,15982,10923,9376,10646,11739,12628,11647,14443,19221,21954,13867,6161,4882,4357,2849,1810,167
2호선,냉정,202511,전체,하차,176687,13,16,4,5,940,2807,4802,19494,18059,11297,7866,10182,9646,8823,8693,10417,13038,14837,7675,6968,7297,6689,5814,1305
2호선,주례,202511,전체,승차,229462,1,10,1,30,4225,6458,16121,22368,16510,15253,15718,15156,14505,13951,13869,15212,21648,18435,7751,5352,3288,2258,1178,164
2호선,주례,202511,전체,하차,200800,1,11,4,3,1574,4765,10389,15450,11454,8978,9631,10584,10811,11656,13484,16106,17632,19279,10870,8436,8617,6632,3705,728
2호선,감전,202511,전체,승차,124243,3,3,0,25,1523,2513,5450,7822,6357,5765,6202,7750,6829,6896,7426,9693,18293,20032,4126,3363,2563,1056,438,115
2호선,감전,202511,전체,하차,112909,3,5,1,9,1217,3906,11962,25067,8071,6126,5147,5262,6067,4865,5710,5669,6705,5925,3242,2751,2191,1656,922,430
2호선,사상,202511,전체,승차,715419,2,7,0,67,5661,8113,26939,45981,43588,41455,46536,48461,47443,47045,50008,53292,65343,63555,36027,31172,29528,17337,7318,541
2호선,사상,202511,전체,하차,714250,3,10,0,9,8372,23431,36528,52403,36182,33954,39222,40972,42407,42932,49898,55206,61521,62812,38958,30455,26742,19825,9576,2832
2호선,덕포,202511,전체,승차,147683,4,1,0,45,3907,4091,9079,13026,9247,7830,9016,9226,9342,8199,9903,11208,17155,12968,5126,3588,2686,1335,627,74
2호선,덕포,202511,전체,하차,139590,2,8,0,3,979,3726,10535,14381,8594,7880,7920,8765,8208,8311,9448,10435,10411,10471,5581,4221,3892,3020,2021,778
2호선,모덕,202511,전체,승차,63014,12,3,0,25,717,726,1616,2287,2009,2036,2452,2740,2968,2859,4045,5445,16045,10103,2721,2456,969,446,288,46
2호선,모덕,202511,전체,하차,57540,15,7,0,1,749,3149,14663,14622,3363,1956,1990,2403,2115,1861,2285,1805,1935,1584,977,640,476,404,332,208
2호선,모라,202511,전체,승차,147209,0,0,0,188,3471,5045,8805,12864,10416,9583,10423,10582,10285,8758,8177,8512,13911,14336,5003,3111,1987,1086,587,79
2호선,모라,202511,전체,하차,131082,0,6,0,2,950,2842,9629,13753,7208,5901,7752,8288,7447,7392,9749,10914,11144,9873,5702,3986,3562,2559,1809,614
2호선,구남,202511,전체,승차,132368,2,6,84,134,3390,5659,12576,15660,10479,8905,8583,8545,8390,7510,7202,8552,8556,7067,3768,2884,2145,1410,772,89
2호선,구남,202511,전체,하차,131014,5,6,11,36,706,2589,4040,8644,5231,5167,6839,7372,6848,7454,9961,11495,14150,13566,8013,6321,5264,4239,2504,553
2호선,구명,202511,전체,승차,108479,13,0,6,116,2641,3766,9375,12626,8585,7202,7827,7393,6657,6070,6037,7985,7588,6028,3067,2414,1629,1014,334,106
2호선,구명,202511,전체,하차,85739,8,34,13,12,740,2084,2796,7311,4622,4019,3868,4825,4310,4973,5710,6941,8239,8126,4901,3727,3419,3009,1587,465
2호선,덕천,202511,전체,승차,157601,5,0,4,40,2060,2736,5889,7626,7205,9531,11997,12931,12548,13073,14180,14245,14463,11133,5842,4814,3715,2248,1131,185
2호선,덕천,202511,전체,하차,218675,4,0,4,6,1841,4549,7592,18542,16343,15861,18384,16166,17528,16377,16040,15850,16100,15008,7248,4713,4349,3032,2580,558
2호선,수정,202511,전체,승차,186124,3,0,0,18,2668,6149,20302,25603,14879,12442,12492,11778,11488,10533,10449,11238,11878,9124,4977,3602,3230,2081,1088,102
2호선,수정,202511,전체,하차,182053,3,0,3,0,1108,2778,4428,9268,6441,7516,8404,9970,10107,10889,13885,16462,18902,22447,11616,8474,8024,6014,3859,1455
2호선,화명,202511,전체,승차,318608,11,7,0,103,5004,9223,28154,30124,18875,19140,21237,21621,20357,19457,21147,21834,22036,19123,11230,9789,9772,6167,3912,285
2호선,화명,202511,전체,하차,329558,4,13,0,2,472,5099,8322,18920,18231,17032,18250,19713,20736,20198,22103,27703,35018,39114,18586,12509,11156,8853,5256,2268
2호선,율리,202511,전체,승차,136786,8,4,0,115,2998,6321,14767,17470,12114,10515,9884,9914,8770,7860,7738,7933,6750,5914,2649,2399,1350,835,406,72
2호선,율리,202511,전체,하차,129874,10,5,0,14,100,2226,3426,7847,5227,5887,6666,7329,7511,7477,9878,11040,13116,14562,8381,5978,5534,4254,2456,950
2호선,동원,202511,전체,승차,48257,7,1,0,152,1228,2049,4298,5049,4469,4142,4220,3779,3615,2928,2483,2421,2590,2531,818,625,372,292,144,44
2호선,동원,202511,전체,하차,41420,8,5,0,10,53,1481,1341,3114,1367,1601,2078,2523,2722,2545,3513,3941,4355,3620,2223,1708,1234,1010,610,358
2호선,금곡,202511,전체,승차,77926,18,6,0,180,1683,3142,6404,7187,5852,5546,6257,6041,5433,4736,4811,5772,5171,4394,1846,1219,1059,756,351,62
2호선,금곡,202511,전체,하차,61832,18,11,0,10,211,1791,2034,5883,3139,3014,3196,3589,3376,3873,4728,5540,5593,5265,3322,2409,2241,1378,841,370
2호선,호포,202511,전체,승차,38249,4,3,1,29,392,275,1028,1279,1430,1203,1372,1939,2868,3820,4511,4715,5281,3610,1753,1376,917,324,98,21
2호선,호포,202511,전체,하차,47895,3,13,5,10,122,2179,3478,5724,3030,3845,5246,4409,2779,2249,2105,2230,2544,2340,1407,1142,976,936,539,584
2호선,증산,202511,전체,승차,136989,5,2,9,113,2277,4446,13583,13077,9921,8704,8239,8105,8190,7885,8276,9041,8950,8206,4654,4049,4417,2937,1721,182
2호선,증산,202511,전체,하차,146218,1,4,1,11,189,1995,3845,8279,6868,6579,7330,7607,8506,8867,10102,13120,15238,15411,10631,6637,6048,4682,2752,1515
2호선,부산대양산캠퍼스,202511,전체,승차,54420,0,4,6,117,1027,1998,4793,4577,3388,3930,3607,3397,2744,3526,4153,4780,5448,3320,1207,902,707,477,260,52
2호선,부산대양산캠퍼스,202511,전체,하차,48379,8,4,4,21,30,1536,3037,5585,3838,2553,2274,2740,3427,2565,2603,2763,3082,3640,2317,1719,1416,1564,1048,605
2호선,남양산,202511,전체,승차,99009,5,4,19,223,2447,3957,11116,10754,7607,6962,6448,6248,6075,5224,5560,6455,6209,4810,2676,2020,1719,1576,873,22
2호선,남양산,202511,전체,하차,95999,4,6,6,22,102,1880,2734,4520,3012,2961,4258,4404,5395,5605,6953,8352,9854,9966,7006,5037,4505,4677,3159,1581
2호선,양산,202511,전체,승차,177852,5,2,9,542,2535,4996,12561,14754,10766,11269,11354,11728,11532,12262,13762,14129,14829,11735,7057,5152,3584,2352,929,8
2호선,양산,202511,전체,하차,175327,12,3,29,32,268,5078,7504,11178,7252,8912,9566,10406,11861,12757,12400,13487,14617,14202,10676,6684,6350,5809,4100,2144
3호선,망미,202511,전체,승차,147702,11,7,0,71,3523,5603,11178,19027,13159,10405,10674,9839,9680,8456,8336,8881,9489,8233,3581,2724,2530,1479,787,29
3호선,망미,202511,전체,하차,139168,8,8,0,1,728,2278,4251,8463,5765,5275,6812,7963,8311,9099,10792,13431,15156,15904,8229,5987,4852,3507,1771,577
3호선,배산,202511,전체,승차,132157,5,1,0,59,4764,5885,10715,15890,11872,9868,10336,10147,9658,7592,8479,8126,6659,5506,2297,1817,1215,791,412,63
3호선,배산,202511,전체,하차,142296,9,0,1,12,401,1772,3965,8282,5946,5682,7475,8540,9384,9738,11309,14239,14477,14742,8120,6358,5063,4016,2007,758
3호선,물만골,202511,전체,승차,115123,0,0,0,16,3044,5003,9236,14947,10116,8000,8075,8115,7578,6351,6366,7157,7150,6988,2660,1822,1287,761,409,42
3호선,물만골,202511,전체,하차,117821,0,5,0,2,464,1387,3198,8348,5208,5401,6152,7130,7188,7730,9423,10742,11616,13084,6460,4713,4572,2894,1851,253
3호선,연산,202511,전체,승차,299902,15,11,16,95,4757,6128,11691,19311,15431,15814,18145,20433,20590,20782,23593,24084,26127,25349,13583,11496,10567,7228,4316,340
3호선,연산,202511,전체,하차,273646,17,11,17,40,2026,4225,7962,29657,21530,15820,16458,15710,16449,14757,15573,18784,24217,26699,13567,9753,8819,6859,3996,700
3호선,거제,202511,전체,승차,178127,11,8,0,1,1524,4069,9226,14331,9984,9279,11160,9828,10960,11900,12096,15161,18093,20543,6762,5006,4275,2687,1110,113
3호선,거제,202511,전체,하차,175941,7,14,0,0,1729,3531,7818,25654,16437,11479,10824,10829,10416,10462,9983,11050,12766,13074,6256,4819,4036,2958,1527,272
3호선,종합운동장,202511,전체,승차,213963,7,4,0,14,2830,6585,20653,28771,15017,11680,11549,12610,12049,12190,11517,14392,14641,13555,7495,6795,5820,3468,2174,147
3호선,종합운동장,202511,전체,하차,214503,2,13,0,4,852,2569,5850,13147,8920,8586,9768,11816,12928,13247,14898,19516,21819,28366,13385,9547,8901,6040,3457,872
3호선,사직,202511,전체,승차,215498,20,0,0,9,4411,7838,22042,29400,16664,13498,12988,13103,13585,11095,11072,11763,13909,12399,6493,5504,4593,3143,1795,174
3호선,사직,202511,전체,하차,214057,15,12,0,2,637,2636,4566,11061,9452,8501,10495,11641,12396,12287,15195,19964,23411,29318,13455,9281,9029,6025,3748,930
3호선,미남,202511,전체,승차,311905,22,9,7,43,7700,12207,31299,42999,23983,19120,19134,18921,18629,16783,16422,17867,20768,17501,9019,7103,5639,4240,2150,340
3호선,미남,202511,전체,하차,293013,5,22,12,12,2124,4966,6613,18851,12426,11747,13020,14697,17416,16918,19702,24952,31758,37278,19096,13572,11906,9311,5335,1274
3호선,만덕,202511,전체,승차,179080,0,0,0,36,4362,8052,20391,26894,16905,13214,12518,11594,11162,9330,8160,8434,9681,7741,3775,3010,1840,1394,536,51
3호선,만덕,202511,전체,하차,193058,0,0,0,5,1116,2662,4459,8011,5549,6515,8320,9625,10115,11465,15759,18940,21773,25592,13299,9305,9284,5804,4259,1201
3호선,남산정,202511,전체,승차,159915,6,1,0,8,5140,7259,15846,20281,14781,12408,11872,11579,11442,9556,8690,7797,8684,6269,3246,2196,1578,824,404,48
3호선,남산정,202511,전체,하차,122240,7,7,0,3,696,1675,3317,6902,4563,4731,6575,6853,7507,8110,10676,12079,13187,13236,6870,4927,4769,2854,2221,475
3호선,숙등,202511,전체,승차,128588,2,0,0,49,3423,4222,10328,13024,8267,7952,8055,8215,7863,7599,8569,8633,10363,7931,5442,3869,2804,1375,540,63
3호선,숙등,202511,전체,하차,121216,5,2,0,30,586,3788,5221,12639,6895,6337,6607,6808,7592,7380,7881,9051,9751,12052,5789,4206,3926,2609,1666,395
3호선,덕천,202511,전체,승차,373093,9,4,1,124,4892,6275,13891,16755,17330,24088,26723,30271,29271,31151,33761,33375,32335,25373,15235,12398,9687,6476,3325,343
3호선,덕천,202511,전체,하차,350633,13,9,11,44,1711,5739,10261,26136,25143,25628,29345,27526,26506,26986,25911,26518,27628,27325,11945,8575,7553,5331,3727,1062
3호선,구포,202511,전체,승차,101614,10,3,4,89,1149,2199,5020,6505,4453,5517,5609,5448,7117,3896,6599,9296,8739,8770,5798,7333,3306,3122,1548,84
3호선,구포,202511,전체,하차,113761,7,3,4,18,1743,5509,9742,10428,7569,7399,5946,6427,7343,7051,6823,7180,8101,9072,4482,3526,2624,1596,873,295
3호선,강서구청,202511,전체,승차,89642,1,3,0,14,414,691,1996,2686,2946,3306,4454,4686,5452,5300,6816,10333,14554,16672,3870,2543,1642,855,373,35
3호선,강서구청,202511,전체,하차,84811,5,2,0,3,1387,7590,12177,18239,6090,4435,5121,6036,4649,3308,2808,2695,2787,2173,1511,1244,1073,832,482,164
3호선,체육공원,202511,전체,승차,35478,0,1,0,0,112,270,1095,1548,1226,1992,1935,2268,1456,1745,3131,5861,4691,3517,1027,1190,1778,506,96,33
3호선,체육공원,202511,전체,하차,34010,0,2,0,0,1428,2172,3082,4983,2577,1830,1735,2440,3286,2234,1378,1518,1608,2107,536,330,281,238,173,72
3호선,대저,202511,전체,승차,262419,7,2,5,52,2345,4533,13717,17637,13410,11928,11933,12627,13364,13562,15769,23230,36121,35582,12243,9692,8794,4461,1403,2
3호선,대저,202511,전체,하차,231071,12,8,11,36,4424,14144,24822,26110,13681,11867,11780,10463,11068,10302,11648,14049,14794,15888,10703,7970,7386,5679,3652,574
4호선,동래,202511,전체,승차,71516,3,0,0,13,855,1594,3289,4840,3844,4135,5177,5044,4915,5121,5612,5513,5292,4402,3275,2853,2477,1845,1109,308
4호선,동래,202511,전체,하차,74820,0,11,0,13,1273,2257,3815,6768,5391,4896,5101,4402,4697,4661,4867,5649,6654,6584,2925,1979,1139,903,649,186
4호선,수안,202511,전체,승차,117739,4,5,1,11,1131,1955,4163,5199,5050,7092,9051,9417,9169,10354,12210,12240,11105,8425,3781,2786,2279,1380,734,197
4호선,수안,202511,전체,하차,122316,2,18,5,11,1077,1373,3427,12946,10743,9344,10683,12108,11686,10241,8049,7877,8230,7330,2958,1622,1123,851,468,144
4호선,낙민,202511,전체,승차,49801,2,0,0,6,1223,2187,3900,5060,3483,3191,3313,2931,3278,2769,3419,5071,3437,2850,1512,862,598,436,205,68
4호선,낙민,202511,전체,하차,50504,1,2,0,5,793,1096,1978,6493,2735,2441,2591,3460,3166,3237,3140,3768,4532,4360,2268,1579,1225,812,675,147
4호선,충렬사,202511,전체,승차,101404,0,0,0,32,2580,3286,6503,7806,6367,7481,8366,7901,7556,6861,7003,6724,7723,5446,3234,2485,1918,1213,787,132
4호선,충렬사,202511,전체,하차,106713,1,2,0,15,1054,1997,3546,7697,6752,6314,7241,7173,8306,7516,8453,9467,10542,9457,4066,2812,1925,1264,765,348
4호선,명장,202511,전체,승차,93457,2,1,0,27,3008,3886,8259,11356,8025,6948,6687,6920,6812,5576,4731,5178,5843,4336,1927,1388,1209,751,477,110
4호선,명장,202511,전체,하차,88688,7,1,0,45,456,1507,2678,5356,3134,3825,4935,5138,5629,5761,7985,9174,9314,9252,4738,3559,2569,1914,1116,595
4호선,서동,202511,전체,승차,70207,2,0,0,63,2049,2164,5036,5783,4482,4640,5079,5341,5443,4455,4013,4443,6523,5256,1848,1380,1027,583,520,77
4호선,서동,202511,전체,하차,74232,3,5,2,11,611,1484,4830,6167,4100,3938,4354,5135,4853,5098,5955,6776,6489,5678,3183,2236,1506,1014,565,239
4호선,금사,202511,전체,승차,53206,2,1,0,91,859,1269,3120,3465,3119,2522,3098,3938,3274,2633,2871,3823,9803,5868,1462,1008,484,279,157,60
4호선,금사,202511,전체,하차,46823,3,2,2,31,609,2194,6954,8053,2293,1762,1916,2426,2688,2538,2340,3119,3084,2571,1512,896,816,548,325,141
4호선,반여농산물시장,202511,전체,승차,56370,1,1,2,89,506,1490,2622,3753,3048,3556,4260,4146,3912,4131,4317,4772,6324,4769,1428,1582,616,480,334,231
4호선,반여농산물시장,202511,전체,하차,58893,1,4,6,72,1352,3325,5873,7891,3502,3826,3557,3981,4119,3794,3134,3045,3563,3301,1805,1027,772,451,297,195
4호선,석대,202511,전체,승차,4184,2,2,0,2,18,78,193,242,213,232,404,249,237,400,739,379,421,169,76,49,25,14,9,31
4호선,석대,202511,전체,하차,3060,1,4,0,11,36,115,232,553,208,207,171,236,238,208,244,208,122,97,34,29,24,22,45,15
4호선,영산대,202511,전체,승차,82837,2,0,2,196,2277,2762,5753,7261,5716,5642,6213,6306,5477,5841,6204,7182,6546,4293,1731,1353,956,709,363,52
4호선,영산대,202511,전체,하차,80802,4,5,5,6,307,1678,2600,7216,3846,3828,4638,5528,4856,5290,5877,6545,7041,6542,3845,3092,2604,2330,1933,1186
4호선,윗반송,202511,전체,승차,76073,0,0,0,434,2404,3055,6609,7551,6100,5675,5720,6387,5696,4647,4449,4339,4554,3669,1959,1194,761,466,303,101
4호선,윗반송,202511,전체,하차,70560,0,3,0,63,122,1437,2210,4147,2988,3464,4502,4823,4760,5401,5989,7221,6767,5807,3293,2151,2292,1459,1008,653
4호선,고촌,202511,전체,승차,17267,3,0,3,42,292,578,1815,2066,1269,1123,1383,1254,1015,1006,961,1077,1107,1178,382,283,151,119,84,76
4호선,고촌,202511,전체,하차,14164,0,2,3,35,51,615,1145,1546,661,729,984,724,837,853,1084,906,1101,1087,611,392,352,254,133,59
4호선,안평,202511,전체,승차,58235,6,0,1,188,1157,1672,4946,4876,4358,3901,4037,3822,4015,3882,4448,4909,4876,3800,1210,1048,580,318,168,17
4호선,안평,202511,전체,하차,56510,4,5,1,22,72,2143,2633,3835,2911,2835,3793,3462,3700,3448,4084,4230,4993,4702,2781,2251,1661,1546,909,489
